,Storage_Capacity,RAM_Size,Processor_Speed,Screen_Size,Brand,Weight
0,0.9999999999999999,0.01318764757916986,0.00707872015581987,0.004808187677626881,0.004770644156192181,0.0033092013179685884
1,167891.70308736578,200.94636843403455,11.065946302317071,0.9164197774961209,2.650301892813629,1.8837131201602477
