,Storage_Capacity,RAM_Size,Processor_Speed,Screen_Size,Brand,Weight
0,1.0000000000000002,0.4715192671558675,0.05387020905103437,0.023564232886556912,0.01950152056344574,0.016262149824571102
1,167891.70308736575,6251.554002134045,82.89505425617835,13.841100981323596,12.43970048988042,6.0162608853990855
